use SASTT;

insert into SASTT.tipo_documento (id_tipo_documento, siglas, nombre_tipo_doc) values (1, "C.C", "cedula de ciudadania"), (2, "C.E", "cedula de extranjeria"), (3, "PAS", "pasaporte"), (4, "T.I", "Tarjeta de Identidad");

insert into SASTT.rol (id_rol, nombre_rol) values (1, "Aprendiz"), (2, "administrador"),(3, "Instructor");

insert into SASTT.rh (id_rh, nombre_rh) values (1, "A+"), (2, "B+"), (3, "AB+"), (4, "O+"), (5, "A-"), (6, "B-"), (7, "AB-"), (8, "O-");

insert into SASTT.vinculacion (id_vinculacion, nombre_tipo_vinculacion, horas_laborales) values (1, "planta", "8hr por dia"), (2, "Tiempo Completo", "8hr por dia"), (3, "Medio Tiempo", "4hr por dia"), (4, "Catedra", "50min por sesion");

insert into SASTT.especialidad (id_especialidad, nom_especialidad) values (1, "electronica"), (2, "electricidad"), (3, "telecomunicaciones"), (4, "teleinformatica"), (5, "promover"), (6, "ingles"), (7, "cultura fisica");

insert into SASTT.grupo (id_grupo, nombre_grupo) values (1, "Grupo 1"), (2, "Grupo 2"), (3, "Grupo 3");

insert into SASTT.trimestre (id_trimestre, nombre_trimestre) values (01, "Trimestre I"), (02, "Trimestre II"), (03, "Trimestre III"), (04, "Trimestre IV"), (05, "Trimestre V"), (06, "Trimestre VI"), (07, "Trimestre VII"), (08, "Trimestre VIII");

insert into SASTT.jornada (id_jornada , nombre_jornada, siglas_jornada) values (01, "Diurna", "D"), (02, "Nocturna", "N"), (03, "Fin de semana", "F.S");

insert into SASTT.usuario (num_documento, nombre_1, nombre_2, apellido_1, apellido_2, fecha_nacimiento, direccion, tel_movil, tel_fijo, foto, correo, contraseña, fk_id_rh, f_id_tipo_documento, fk_id_rol) values 
('22-3292989', 'Dorie', 'Marie', 'Domnick', 'Cicconetti', "2005-12-07", 'Carrera 3 # 18- 45', 8963042437, 6396736, "https://image.flaticon.com/icons/svg/145/145847.svg", 'mcicconetti@misena.edu.co', 'WBDtPiK', 1, 1, 3),
('51-6399944', 'Karna', 'Karissa', 'Himsworth', 'MacQuist', "1998-10-04", 'Carrera 7 # 84- 72', 6712724748, 9666865, "https://image.flaticon.com/icons/svg/145/145848.svg", 'kmacquist1@misena.edu.co', 'qF9VgT', 2, 1, 3),
('07-9207862', 'Andie', 'Norry', 'Goodall', 'Agney', "2001-12-03", 'Calle 4 No. 5 – 10', 1016924066, 8662890, "https://image.flaticon.com/icons/svg/145/145842.svg", 'nagney2@misena.edu.co', 'GMAfJdUMUE', 3, 1, 3),
('11-6368641', 'Olga', 'Haze', 'Di Maggio', 'Billyard', "2007-05-01", 'Calle 11 No. 4 - 14', 3907865085, 8766220, "https://image.flaticon.com/icons/svg/145/145845.svg", 'hbillyard3@misena.edu.co.', 'bCuQUO70U', 1, 1, 3),
('76-3271289', 'Sondra', 'Merline', 'Salisbury', 'Ebben', "2002-05-04", 'Calle 24 N° 5-60', 5506244366, 1408691, "https://image.flaticon.com/icons/svg/145/145844.svg", 'mebben4@misena.edu.co', 'At5wml4UZ2BO', 5, 1, 1),
('16-3671229', 'Johan', 'Jolyn', 'Gansbuhler', 'Burlay', "2012-09-02", 'Av Ciudad de Cali No 6C-09', 7184681537, 8662890, "https://image.flaticon.com/icons/svg/145/145843.svg", 'jburlay5@misena.edu.co', 'idfgAOnA0HuC', 2, 1, 3),
('31-4383386', 'Terri', 'Timothee', 'Splevings', 'Subhan', "2002-08-01", 'Calle 48b sur No. 21-13', 3347113951, 8662890, "ttps://image.flaticon.com/icons/svg/145/145848.svg", 'tsubhan6@misena.edu.co', 'BH9SswJD', 3, 1, 3),
('30-3416627', 'Rodina', 'Lynelle', 'Garnar', 'Kase', "2015-11-02", 'Avenida Cra. 60 No. 57-60', 7422590308, '8662890', "ttps://image.flaticon.com/icons/svg/145/145848.svg", 'lkase7@misena.edu.co', 'FPleqDwQ4', 4, 1, 3),
('91-3377234', 'Erica', 'Pacorro', 'Petworth', 'Palfreyman', "1991-08-02", 'Calle 11 No. 4-21 / 93', 4751611792, 8662890, "https://image.flaticon.com/icons/svg/145/145848.svg", 'ppalfreyman8@misena.edu.co', 'RUIc84EQqn', 5, 1, 3),
('18-1822513', 'Morry', 'Sileas', 'Aynsley', 'Sellen', "1992-07-02", 'Calle 10 No. 5-22', 5367644745, 4453409, "https://image.flaticon.com/icons/svg/145/145843.svg", 'ssellen9@misena.edu.co', 'FmiS5lMg', 6, 1, 3),
('78-0734187', 'Tobit', 'Krissie', 'Gabbitas', 'Gerrelt', "2013-09-02", 'Carrera 20 No. 37-54', 8091367637, 7662889, "https://image.flaticon.com/icons/svg/145/145842.svg", 'kgerrelta@misena.edu.co', 'SwWcWId1K32I', 4, 1, 3),

('70-8930745', 'Rogerio', 'Sharona', 'Micheu', 'Petran', "1997-07-03", 'Calle 109a N° 17-10 Sede Norte', 3064881275, 3548020, "https://image.flaticon.com/icons/svg/145/145845.svg", 'spetranc@misena.edu.co', 'NIdixd', 6, "1", 2),
('21-3287963', 'Tris', 'Evelyn', 'Ridgedell', 'Brunstan', "2007-12-11", 'Cr.8a # 15-63', 1489876508, 5488475, "https://image.flaticon.com/icons/svg/145/145848.svg", 'ebrunstand@misena.edu.co', '1EuMkcf', 4, "1", 2),
('77-2477679', 'Bernadene', 'Prudi', 'Blaskett', 'Lodden', "2003-10-10", 'Cr.9 # 74-99', 5478989667, 1898998, "https://image.flaticon.com/icons/svg/145/145844.svg", 'ploddene@misena.edu.co', 'kmnmGT1', 7, "1", 2),
('78-5376119', 'Enos', 'Luelle', 'Cuffley', 'Loudiane', "2012-12-02", 'Carrera 1 Este No. 17 01', 9025300699, 4873939, "https://image.flaticon.com/icons/svg/145/145842.svg", 'lloudianef@misena.edu.co', 'PPkCISr', 8, "1", 2),
('87-2033393', 'Hillel', 'Jamil', 'Smedmore', 'Simioli', "1994-07-03", 'Cr.6 # 17-12', 9804210215, 7151923,  "https://image.flaticon.com/icons/svg/145/145847.svg", 'jsimiolig@misena.edu.co', '8tdFU3QN', 7, "1", 2),

('25-7465166', 'Annmarie', 'Selle', 'Bontein', 'Yurmanovev', "1996-02-02", 'Carrera 7 Calle 26', 7046562904, 9787177, "https://image.flaticon.com/icons/svg/145/145848.svg", 'syurmanovevh@misena.edu.co', 'JkjrHZzYDu', 7, "2", 1),
('43-5245801', 'Kimberly', 'Ashli', 'Smeal', 'Kohtler',"2020-02-03", 'Av. Calle 19 N° 2-49', 3064881275, 4102841, "https://image.flaticon.com/icons/svg/145/145847.svg",'akohtlerb@misena.edu.co', 'yWaCqEqmtQ', 5, "1", 3),
('90-7033363', 'Rand', 'Theadora', 'Campagne', 'Pavlenko', "1992-08-12", 'Av.19 #152-48 Esquina', 3784350887, 8031081, "https://image.flaticon.com/icons/svg/145/145845.svg",'tpavlenkoi@misena.edu.co', '4zvy4fSYUcx', 8, "1", 1),
('87-7272507', 'Myranda', 'Harold', 'Skeleton', 'Waters', "2013-01-01", 'Carrera 13 # 26- 81', 8779406439, 4873939, "https://image.flaticon.com/icons/svg/145/145843.svg", 'hwatersj@misena.edu.co', 'DF6iDOGa4bDr', 1, "1", 1),
('55-5829378', 'Ettie', 'Lulu', 'Towne', 'Brydie', "2001-02-01", 'Carrera 7 No. 22 - 79', 1813854218, 2541267, "https://image.flaticon.com/icons/svg/145/145844.svg", 'lbrydiek@misena.edu.co', '0O6qg7bE1iY', 2, "1", 1),
('37-7755396', 'Aldric', 'Tasha', 'McQueen', 'Kentwell', "1995-04-01", 'Cl.90 # 11a-54', 5298008392, 6584033, "https://image.flaticon.com/icons/svg/145/145845.svg",'tkentwelll@misena.edu.co', '2j4C4orxTP4', 3, "1", 1),
('87-6319013', 'Roseann', 'Gill', 'Tadgell', 'McArthur', "1996-06-02", 'Calle 12# 2-65', 2815970604, 4192035, "https://image.flaticon.com/icons/svg/145/145843.svg",'gmcarthurm@misena.edu.co', 'sXOyoYo2G4x', 4, "1", 1),
('63-8701803', 'Persis', 'Rolland', 'Holleworth', 'Francke', "2016-07-01", 'Calle 45A No. 14-37', 9834928768, 1314308, "https://image.flaticon.com/icons/svg/145/145844.svg",'rfrancken@misena.edu.co', 'trKJhN1JjOa', 5, "4", 1),
('10-6117017', 'Karlens', 'Guendolen', 'Theyer', 'Rains', "2009-10-01", 'Cra. 18 No. 82 - 35', 2139248646, 7844619, "ttps://image.flaticon.com/icons/svg/145/145848.svg", 'grainso@misena.edu.co', 'BDUuT7kzXl', 6, "1", 1),
('25-1840702', 'Miguelita', 'Leisha', 'Gagin', 'Lethebridge', "2017-09-01", 'Calle 13 #3-17 ', 7075249906, 3763843, "https://image.flaticon.com/icons/svg/145/145843.svg", 'llethebridgep@misena.edu.co', 'Owdv0LHuU3', 7, "4", 1),
('42-2495869', 'Aleda', 'Bibbye', 'Eykelhof', 'Shone', "1994-12-02", 'Cl.10 # 3-16', 5175436824, 7522199, "https://image.flaticon.com/icons/svg/145/145843.svg", 'bshoneq@misena.edu.co', 'ndEnTiRaK', 8, "1", 1),
('41-3761038', 'Korry', 'Ronni', 'Conochie', 'Curzey', "1993-03-02", 'Cl.119 # 15-41', 9177557763, 2903385, "https://image.flaticon.com/icons/svg/145/145845.svg",'rcurzeyr@misena.edu.co', 'q1HAkU', 1, "4", 1),
('04-0916589', 'Dorris', 'Genovera', 'Sweet', 'Barks', "2017-10-02", 'Cr.15 # 82-87', 5423032011, 3582089, "https://image.flaticon.com/icons/svg/145/145843.svg",'gbarkss@misena.edu.co', 'YgQVv7hmvg4m', 2, "3", 1),
('43-3171885', 'Cly', 'Elinore', 'Swigg', 'Robjohns', "2013-10-05", 'Cl.81 # 11-92', 6522648753, 7242782, "https://image.flaticon.com/icons/svg/145/145845.svg",'erobjohnst@misena.edu.co', 'R2hig9IcAqL', 5, "4", 1),
('10-0761648', 'Edouard', 'Datha', 'Serridge', 'Radmer', "2009-04-12", 'Cl.69 # 4-64', 1629977527, 3187683, "(c\users\USER\pictures\screenshots\smile.jpg", 'dradmeru@misena.edu.co', 'DEtWUO7f31h',  2, "1", 1),
('25-9899242', 'Saraann', 'Estele', 'Worham', 'Daber', "2014-06-09", 'Cl.81 # 8-70', 2277017535, 3008479, "(c\users\USER\pictures\screenshots\smile.jpg", 'edaberv@misena.edu.co', 'Vs1bpIpc', 4, "1", 1),
('00-7316475', 'Fionnula', 'Chandal', 'Donoher', 'Spirritt', "2004-01-02", 'Cr.21 # 88-12', 1011231980, 6274870, "(c\users\USER\pictures\screenshots\smile.jpg", 'cspirrittw@misena.edu.co', 'KjVXInrhs', 4, "1", 1),
('73-0242917', 'Lawrence', 'Sheilah', 'Waszczyk', 'Jeanequin', "2014-10-07", 'Cl.94 # 13-90', 8917263209, 9723829, "(c\users\USER\pictures\screenshots\smile.jpg", 'sjeanequinx@misena.edu.co', 'hVQ09M8', 5, "2", 1),
('35-7725911', 'Yvonne', 'Wallie', 'Coit', 'Goodbarne', "2015-11-05", 'Cr.4 # 19-85 Piso 2', 9037601563, 2055063, "(c\users\USER\pictures\screenshots\smile.jpg", 'wgoodbarney@misena.edu.co', 'rdKkLp9', 4, "3", 1),
('13-7203920', 'Cecelia', 'Amery', 'Peacocke', 'Colville', "2019-10-08", 'Cl.45 # 18 -27', 4719663321, 1861464, "(c\users\USER\pictures\screenshots\smile.jpg", 'acolvillez@misena.edu.co', 'YCgN3H', 3, "3", 1),
('37-5760162', 'Ingrid', 'Mag', 'Gilphillan', 'McHaffy', "2005-08-04", 'Cl.20 # 14-37/39', 2425783233, 938324, "(c\users\USER\pictures\screenshots\smile.jpg", 'mmchaffy10@misena.edu.co', 'iuqjUcxMt4u', 6, "4", 1),
('80-7172939', 'Kristine', 'Rosemary', 'Cossar', 'Roscow', "2004-03-09", 'Cl.70a # 7-41', 5948853611, 3916486, "(c\users\USER\pictures\screenshots\smile.jpg", 'rroscow11@misena.edu.co', 'LIiphn57', 8, "4", 1),
('48-5428371', 'Addia', 'Carma', 'Karlqvist', 'Stainton Skinn', "1995-09-04", 'Av.82 # 11-50 Int. 2', 7355320957, 5365026, "(c\users\USER\pictures\screenshots\smile.jpg", 'cstaintonskinn12@misena.edu.co', 'FYNR3nf', 6, "2", 1),
('12-8249692', 'Dotty', 'Nathaniel', 'Phear', 'Twitty', "2017-05-03", 'Cl.93b # 11a- 84 Local 306', 6753358512, 3409728, "(c\users\USER\pictures\screenshots\smile.jpg", 'ntwitty13@misena.edu.co', 'CN6cPB', 1, "3", 1),
('89-5734837', 'Maureene', 'Carlina', 'McFater', 'Stopher', "2009-08-06", 'Cr.9 # 94-58', 7342302743, 7051474, "(c\users\USER\pictures\screenshots\smile.jpg", 'cstopher14@misena.edu.co', 'As0L9t39JUQ', 2, "3", 1),
('74-4655065', 'Denys', 'Clarabelle', 'Devitt', 'Rodenburg', "1994-09-05", 'Cl.92 # 16-11', 3726034963, 4698191, "(c\users\USER\pictures\screenshots\smile.jpg", 'crodenburg15@misena.edu.co', '5uiAid', 3, "3", 1),
('16-0116553', 'Pavia', 'Ursula', 'Rogge', 'Hambidge', "2015-07-03", 'Cr 8 No. 8-91', 5947258777, 4869317, "(c\users\USER\pictures\screenshots\smile.jpg", 'uhambidge16@misena.edu.cogoo.gl', 'vr3qu7t', 3, "1", 1),
('64-2116273', 'Roderigo', 'Otho', 'McSorley', 'Raeburn', "2015-07-05", 'Cr.15 # 88-64', 3301412582, 5763337, "(c\users\USER\pictures\screenshots\smile.jpg", 'oraeburn17@misena.edu.co', 'iQgXrOKXD', 4, "1", 1),
('20-8175658', 'Burlie', 'Garret', 'Nussii', 'Brodest', "2019-01-05", 'Calle 11 No. 4-21/ 93', 1887805566, 5868935, "(c\users\USER\pictures\screenshots\smile.jpg", 'gbrodest18@misena.edu.co', 'hqfqRvD5', 5, "1", 1),
('30-4651786', 'Dickie', 'Violet', 'Ratnage', 'Neligan', "2013-06-02", 'Calle 11 No. 4-14', 5175404168, 8156799, "(c\users\USER\pictures\screenshots\smile.jpg", 'vneligan19@misena.edu.co', '7yuVffTIP', 6, "2", 1),
('27-0753557', 'Jodi', 'Kathleen', 'Whebell', 'Quarton', "1995-06-06", 'Carrera 30 Calle 45 Edificio 207 ', 3561289472, 2247992, "(c\users\USER\pictures\screenshots\smile.jpg", 'kquarton1a@misena.edu.co', 'WaA44iQbsU', 7, "1", 1),
('57-6571670', 'Gerianna', 'Gisela', 'Donlon', 'Dallender', "2005-07-08", 'Carrera 6 No. 9-77', 3342928232, 9511105, "(c\users\USER\pictures\screenshots\smile.jpg", 'gdallender1b@misena.edu.co', 'MRaHN4jsajCZ', 7, "2", 1),
('50-1939490', 'Burty', 'Courtney', 'Pasley', 'Beaconsall', "1994-10-05", 'Carrera 74 No. 82a-81.', 9617281189, 8153720, "(c\users\USER\pictures\screenshots\smile.jpg", 'cbeaconsall1c@misena.edu.co', 'LPkq6B1a8WVl', 8, "3", 1),
('25-6101502', 'Charo', 'Elisabet', 'Gillett', 'Coddington', "2019-10-01", 'Carrera 30 No 45-03', 6196135351, 2348776, "(c\users\USER\pictures\screenshots\smile.jpg", 'ecoddington1d@misena.edu.co', 'FGQyq2Gqx', 7, "2", 1),
('34-5722040', 'Euell', 'Briant', 'de Quesne', 'Outhwaite', "2003-08-07", 'Calle 24 No. 6-00', 8547664723, 4099318, "(c\users\USER\pictures\screenshots\smile.jpg", 'bouthwaite1e@misena.edu.co', 'GJqzSL3DU', 2, "3", 1),
('54-4438160', 'Alta', 'Darrel', 'Beaves', 'Jendrys', "2001-12-06", 'Carrera 8 No. 7-21', 9402692216, 9895287, "(c\users\USER\pictures\screenshots\smile.jpg", 'djendrys1f@misena.edu.co', 'RQ8GnGAu410', 3, "4", 1),
('71-1857415', 'Arlen', 'Pet', 'Northcott', 'Jurczyk', "1995-10-03", 'Carrera 2 No. 10-70', 2033378853, 3407775, "(c\users\USER\pictures\screenshots\smile.jpg", 'pjurczyk1g@misena.edu.co', 'CaVMuN', 4, "1", 1),
('22-1426867', 'Mace', 'Bearnard', 'Redler', 'Romanin', "2012-02-03", 'Entrada Calle 53.', 7789936226, 3847845, "(c\users\USER\pictures\screenshots\smile.jpg", 'bromanin1h@misena.edu.co', 'ldjRYRE77H', 5, "2", 1),
('36-8824888', 'Sela', 'Beryle', 'Bere', 'Van Velde', "2019-12-05", 'Calle 61a No. 14-58', 3503296441, 9198686, "(c\users\USER\pictures\screenshots\smile.jpg", 'bvanvelde1i@misena.edu.co', 'TcGOWHuuFFa', 8, "3", 1),
('94-8681679', 'Cathryn', 'Antone', 'Gumn', 'Cromblehome', "1993-06-02", 'Calle 26 No. 25-42', 4246925612, 9042656, "(c\users\USER\pictures\screenshots\smile.jpg", 'acromblehome1j@misena.edu.co', 'UH6Ee4s7or', 1, "2", 1),
('69-7358080', 'Kiele', 'Rayner', 'Hutchin', 'Chadburn', "2016-05-02", 'Carrera 30 No. 48-51 ', 2158980596, 3765195, "(c\users\USER\pictures\screenshots\smile.jpg", 'rchadburn1k@misena.edu.co', 'UVvHctfwToeJ', 3, "4", 1),
('12-6562117', 'Mill', 'Kristal', 'Jakubovski', 'Lenney', "1996-06-02", 'Carrera 7 No. 93-01', 6982868330, 1218205, "(c\users\USER\pictures\screenshots\smile.jpg", 'klenney1l@misena.edu.co', 'kC9E9Ny', 3, "3", 1),
('29-0381408', 'Barrie', 'Siegfried', 'Woolaston', 'Erdely',"2016-07-01", 'Carrera 4 No. 22-61', 1868299419, 1603893, "(c\users\USER\pictures\screenshots\smile.jpg", 'serdely1m@misena.edu.co', 'ZgTmu3bnJ57z', 5, "3", 1),
('09-8230969', 'Findlay', 'Sinclare', 'Bold', 'Goldfinch', "2009-10-01", 'Carrera 6 Calle 16 ', 5814955114, 6122947, "(c\users\USER\pictures\screenshots\smile.jpg", 'sgoldfinch1n@misena.edu.co', 'ovmF6mq', 7, "3", 1),
('59-2716240', 'Barton', 'Melloney', 'Chattington', 'Farlane', "2017-09-01", 'Calle 23 A No. 19-86', 9241000960, 7306442, "https://i.pinimg.com/originals/90/be/21/90be2119cb28ad3e6045e2d01fb9b94b.png",'mfarlane1o@misena.edu.co', 'P3G3XsNjo' ,1 ,"1",1 ),
('02-9278294', 'Marmaduke', 'Salome', 'Garrud', 'Longforth', "1994-12-02", 'Calle 23 A No. 19-86', 9925490272, 6985447 , "https://i.pinimg.com/originals/90/be/21/90be2119cb28ad3e6045e2d01fb9b94b.png",'slongforth1p@misena.edu.co', 'EHT6JtM3tZvv' ,2 ,"1" ,1 ),
('82-7820013', 'Rowe', 'Field', 'Tulloch', 'Nannetti', "1993-03-02", 'Carrera 8 No. 6-87', 8988092735, 1929370, "https://i.pinimg.com/originals/90/be/21/90be2119cb28ad3e6045e2d01fb9b94b.png",'fnannetti1q@misena.edu.co', 'Fwe5OmMjzigc' , 3, "1" ,1 ),
('74-1745274', 'Brewster', 'Opalina', 'Martensen', 'Sinden', "2017-10-02", 'Diagonal 53 No. 34-53', 3312021693, 7543413, "https://i.pinimg.com/originals/90/be/21/90be2119cb28ad3e6045e2d01fb9b94b.png",'osinden1r@misena.edu.co', 'R8DEZ7VxE', 4 ,"2" ,1 ),
('36-7257833', 'Yul', 'Kinnie', 'Capozzi', 'Ahren', "2013-10-05", 'Calle 10 No. 4-69 ', 4809301488, 2691148, "https://i.pinimg.com/originals/90/be/21/90be2119cb28ad3e6045e2d01fb9b94b.png",'kahren1s@misena.edu.co', 'pxjze8PqdJu' ,5 ,"2" ,1 ),
('12-6086757', 'Nissa', 'Burnaby', 'Kelby', 'Miguet', "2014-06-09", 'Calle 10 No 4-92', 1018951610, 5123276, "https://i.pinimg.com/originals/90/be/21/90be2119cb28ad3e6045e2d01fb9b94b.png",'bmiguet1t@misena.edu.co', 'KkZL01C7qd' ,6 ,"4" ,1 ),
('49-2171027', 'Madel', 'Andrus', 'Legerton', 'Lacaze', "2004-01-02", 'Carrera 7 No. 28-66', 9334612997, 6702536, "https://i.pinimg.com/originals/90/be/21/90be2119cb28ad3e6045e2d01fb9b94b.png",'alacaze1u@misena.edu.co', 'WSeXBQ' ,7 ,"4" ,1 ),
('32-5204900', 'Cynthea', 'Giustina', 'Halwood', 'Molan', "2014-10-07", 'Transv. 6 No. 27 – 10 Of. 20', 2057337662,'7003815',"https://i.pinimg.com/originals/90/be/21/90be2119cb28ad3e6045e2d01fb9b94b.png", 'gmolan1v@misena.edu.co', 'Ulau1d' ,8 ,"1" ,1 ),
('80-7312412', 'Danny', 'Dedie', 'Lovelock', 'Lappin', "2015-11-05", 'Carrera 7 con Cl 12', 6838860889, 8996176, "https://i.pinimg.com/originals/90/be/21/90be2119cb28ad3e6045e2d01fb9b94b.png",'dlappin1w@misena.edu.co', 'PdLEgmcNEQB' ,2 ,"1", 1),
('30-2039797', 'Fredra', 'Findlay', 'Stanhope', 'Nolton', "2019-10-08", 'Calle 20 No. 2 - 91 Este', 6318724600,7073637, "https://i.pinimg.com/originals/90/be/21/90be2119cb28ad3e6045e2d01fb9b94b.png",'fnolton1x@misena.edu.co', 'yWh56SLlJ' ,1 ,"1" , 1 ),
('62-5507417', 'Cooper', 'Kim', 'Hamp', 'Giovannazzi', "2005-08-04", 'Calle 45A 14-62', 7231875540, 9617763, "https://i.pinimg.com/originals/90/be/21/90be2119cb28ad3e6045e2d01fb9b94b.png",'kgiovannazzi1y@misena.edu.co', 'JSj8xIWJ' ,1 ,"1" ,1 ),
('97-9840330', 'Elonore', 'Janna', 'Stickels', 'Lefort', "2004-03-09", 'Cl.70a # 5-67', 9279026372, 7976090, "https://i.pinimg.com/originals/90/be/21/90be2119cb28ad3e6045e2d01fb9b94b.png",'jlefort1z@misena.edu.co', 'rFgIZoqLnb' ,1 ,"1" ,1 ),
('76-2692439', 'Marcelline', 'Royce', 'Lysons', 'Riddock', "1995-09-04", 'Cl.70a # 10-68', 5414403055, 3799617, "https://i.pinimg.com/originals/90/be/21/90be2119cb28ad3e6045e2d01fb9b94b.png",'rriddock20@misena.edu.co', 'mBjgjO6Yuwbc' ,1 ,"1" ,1 ),
('76-3884219', 'Codee', 'Rebeca', 'Surgison', 'Powter', "2007-05-03", 'Calle 11 No. 4-93', 4254885169, 5649864, "https://i.pinimg.com/originals/90/be/21/90be2119cb28ad3e6045e2d01fb9b94b.png",'rpowter21@misena.edu.co', 'kE3H45qC' ,1 ,"3" , 1 ),
('81-4202848', 'Linnea', 'Terence', 'Kirsopp', 'Drew-Clifton', "2009-08-06", 'Carrera 7 Calle 26', 3398818069, 6923075, "https://i.pinimg.com/originals/90/be/21/90be2119cb28ad3e6045e2d01fb9b94b.png",'tdrewclifton22@misena.edu.co', 'YDkfLhg' ,2 ,"1" , 1 ),
('38-2586647', 'Jaine', 'Gibbie', 'Stuckes', 'Lafrentz', "1994-09-05", 'Cr.13 # 14-69', 8312910595, 9418794, "https://i.pinimg.com/originals/90/be/21/90be2119cb28ad3e6045e2d01fb9b94b.png",'glafrentz23@misena.edu.co', 'btiQci23TYQ' ,3 ,"1" , 1 ),
('31-0997903', 'Bridgette', 'Jaimie', 'Goodridge', 'Oldroyd', "2015-07-03", 'Cr.14 # 75-29', 9408307061, 4346921, "https://i.pinimg.com/originals/90/be/21/90be2119cb28ad3e6045e2d01fb9b94b.png",'joldroyd24@misena.edu.co', 'f2JiyhzAxxg' ,7 ,"1" ,1 ),
('19-6585754', 'Ellie', 'Kittie', 'MacVicar', 'Brody', "2015-07-05", 'Cra. 25 # 41 - 64', 9233250332, 9484002, "https://i.pinimg.com/originals/90/be/21/90be2119cb28ad3e6045e2d01fb9b94b.png",'kbrody25@misena.edu.co', '8RiepkOTtY' ,8 ,"2" ,1 ),
('07-8751343', 'Cleon', 'Ken', 'Epdell', 'Knock', "2019-01-05", 'Calle 9 Nº 4-93', 8271192679, 9598051, "https://i.pinimg.com/originals/90/be/21/90be2119cb28ad3e6045e2d01fb9b94b.png",'kknock26@misena.edu.co', '7keYeWd' ,6 ,"1" ,1 ),
('55-3236945', 'Pearla', 'Dee', 'Orchart', 'Seyffert', "2013-06-02", 'Calle 10 No. 5 - 32', 2627971636, 3431735, "https://i.pinimg.com/originals/90/be/21/90be2119cb28ad3e6045e2d01fb9b94b.png",'dseyffert27@misena.edu.co', 'AhgMQs2' ,6 ,"1" ,1 ),
('04-6596783', 'Ahmed', 'Mallissa', 'Karlolczak', 'Quincee', "1995-06-06", 'Carrera 7a N° 22-47', 7617140919, 8172239, "https://i.pinimg.com/originals/90/be/21/90be2119cb28ad3e6045e2d01fb9b94b.png",'mquincee28@misena.edu.co', 'u6Ni09m' ,5 ,"1" ,1 ),
('14-2397286', 'Grazia', 'Onida', 'McGlaughn', 'Surplice', "2005-07-08", 'Carrera 6 No. 54 - 04', 7904839821, 5051118, "https://i.pinimg.com/originals/90/be/21/90be2119cb28ad3e6045e2d01fb9b94b.png",'osurplice29@misena.edu.co', 'dK62aKhM' ,1 ,"1" ,1 ),
('63-7653722', 'Alanson', 'Homere', 'Polhill', 'Douglas', "1994-10-05", 'Calle 12 # 2-59', 4486948311, 4376642, "https://i.pinimg.com/originals/90/be/21/90be2119cb28ad3e6045e2d01fb9b94b.png",'hdouglas2a@misena.edu.co', 'VuGQ1e' ,1 ,"1" , 1 ),
('06-7209556', 'Berri', 'Karee', 'Derrington', 'Muckian', "2019-10-01", 'Calle 11 No.2 - 45', 5808587764, 7604724, "https://i.pinimg.com/originals/90/be/21/90be2119cb28ad3e6045e2d01fb9b94b.png",'kmuckian2b@misena.edu.co', '8ZyonGT' ,1 ,"1", 1),
('80-3369749', 'Dulci', 'Kym', 'Heatley', 'Breed', "2003-08-07", 'Carrera 13 #61-24', 3268702501, 801644, "https://i.pinimg.com/originals/90/be/21/90be2119cb28ad3e6045e2d01fb9b94b.png",'kbreed2c@misena.edu.co', 'PiyybQJhYM' ,2 ,"1" ,1 ),
('51-8105267', 'Izak', 'Erma', 'Pallant', 'Shirer', "2001-12-06", 'Calle 63 No. 9-60', 4712351382, 7573921, "https://i.pinimg.com/originals/90/be/21/90be2119cb28ad3e6045e2d01fb9b94b.png",'eshirer2d@misena.edu.co', '8g4mUPSLtWHD' ,2 ,"3" ,1 ),
('21-0247056', 'Leonelle', 'Clementius', 'Rawne', 'Matusovsky', "1995-10-03", 'Calle 17 No.2 - 13', 6082831695, 6579655, "https://i.pinimg.com/originals/90/be/21/90be2119cb28ad3e6045e2d01fb9b94b.png",'cmatusovsky2e@misena.edu.co', 'JAnZ5y' ,1 ,"4",1 ),
('39-2623235', 'Ryon', 'Bone', 'Purchase', 'Bamber', "2012-02-03", 'Calle 14 No.1 - 43', 3909170549, 4204277, "https://i.pinimg.com/originals/90/be/21/90be2119cb28ad3e6045e2d01fb9b94b.png",'bbamber2f@misena.edu.co', '2t7xQ7oVMx0c' ,1 ,"1", 1),
('03-6178696', 'Niccolo', 'Carmencita', 'Weins', 'Le Estut', "2017-04-03", 'Calle 13 No.2 - 44', 3508311662, 2104864, "https://i.pinimg.com/originals/90/be/21/90be2119cb28ad3e6045e2d01fb9b94b.png", 'cleestut2g@misena.edu.co', 'M7w0hN' ,1 ,"1" ,1 ),
('94-4482551', 'Modestia', 'Rriocard', 'Stilwell', 'Clyburn', "1993-04-01", 'Cra. 11 No 61-80', 3153382549, 9267861, "https://i.pinimg.com/originals/90/be/21/90be2119cb28ad3e6045e2d01fb9b94b.png", 'rclyburn2h@misena.edu.co', 'UZGCwlSvX4' ,1 ,"1" ,1 ),
('30-5132243', 'Kali', 'Valentijn', 'Gullefant', 'Cloney', "2014-01-09", 'Calle 71 N. 10 - 25', 3504180438, 1808630, "https://i.pinimg.com/originals/90/be/21/90be2119cb28ad3e6045e2d01fb9b94b.png", 'vcloney2i@misena.edu.co', 'WMammNi' ,4 ,"1", 1 ),
('38-1604055', 'Killy', 'Gizela', 'Taberer', 'Knuckles', "2017-02-06", 'Calle 95 # 30-13', 6857395723, 8444394, '(c\users\USER\pictures\screenshots\smile.jpg', 'gknuckles2j@misena.edu.co','8tZBtUgh', 4, "2", 1),
('02-7101469', 'Archibald', 'Elsinore', 'Boissier', 'Coggin', "1998-08-06", 'Calle 70 No. 19 - 40', 2388723530, 7667228, '(c\users\USER\pictures\screenshots\smile.jpg', 'ecoggin2k@misena.edu.co', 'Vw0YryQ', 4, "1", 1),
('60-4044796', 'Baron', 'Shirlee', 'Georgius', 'Duckitt', "2015-08-03", 'Calle 7 No. 17 - 13', 3946745743, 8098869, '(c\users\USER\pictures\screenshots\smile.jpg', 'sduckitt2l@misena.edu.co', 'l3GPhOOSe5', 3, "3", 1),
('10-2912936', 'Artus', 'Silvanus', 'Seyffert', 'Bettenson', "1997-09-08", 'Calle 10 No. 0 – 19 ', 2892179187, 5985912, '(c\users\USER\pictures\screenshots\smile.jpg', 'sbettenson2m@misena.edu.co', 'Wy3XHtGT', 5, "1", 1),
('39-8089177', 'Nanni', 'Hope', 'Bonsall', 'Matyushkin', "2013-12-03", 'Calle 13# 2-70', 1188666215, 8835272, '(c\users\USER\pictures\screenshots\smile.jpg','hmatyushkin2n@misena.edu.co', 'byRe7P90xCWn', 2, "2", 1),
('14-2984035', 'Terry', 'Terrill', 'Arger', 'Wyles', "1990-08-10", 'Carrera 7a. - Calle 106', 8741777388, 3428611, '(c\users\USER\pictures\screenshots\smile.jpg','twyles2o@misena.edu.co', 'MfvaqBTlUErI', 7, "3", 1),
('10-5872868', 'Abbott', 'Claude', 'Mulrooney', 'Yitzhok', "2015-11-09", 'Av. 68 # 3 - 24', 8013485858, 6933108, '(c\users\USER\pictures\screenshots\smile.jpg','cyitzhok2p@misena.edu.co', 'C3Qih728Fz', 4, "1", 1),
('20-5055923', 'Sly', 'Mel', 'Gounet', 'Dumbrell', "1997-11-09", 'Calle 94 # 7-48', 2401117978, 7342844, '(c\users\USER\pictures\screenshots\smile.jpg','mdumbrell2q@misena.edu.co', '57ZlAlEpc7', 6, "4", 1),
('54-1329702', 'Spike', 'Ody', 'Wing', 'Bonifazio', "2018-09-08", 'Calle 54 7-26', 1271879429, 8312482, '(c\users\USER\pictures\screenshots\smile.jpg','obonifazio2r@misena.edu.co', 'YtpUJtq', 3, "2", 1),
('65-6039121', 'Muffin', 'Henrietta', 'Collis', 'Bensen', "2001-09-01", 'cr 24 a # 72- 11 sur', 7015089030, 6312482, '(c\users\USER\pictures\screenshots\smile.jpg', 'hbensen2s@misena.edu.co', 'sfXoEr4x', 6, "4", 1),
('85-4639915', 'Doti', 'Juana', 'Duffield', 'Sonner', "2015-07-06", 'cr 19f # 19-11 sur', 6488505625, 2859391, '(c\users\USER\pictures\screenshots\smile.jpg', 'jsonner2t@misena.edu.co',  'm0gBQRh', 3, "1", 1),
('32-9593883', 'Jenn', 'Welch', 'Matzl', 'Illing', "2005-03-03", 'cr 24 # 32-08', 2931722771, 7557041, '(c\users\USER\pictures\screenshots\smile.jpg','willing2u@misena.edu.co', 'h2VijMDxnM', 3, "1", 1),
('13-8707865', 'Deana', 'Trumann', 'Deville', 'Spottswood', "2017-03-09", 'cr 44 # 10-10', 2476772949, 7515870, '(c\users\USER\pictures\screenshots\smile.jpg', 'tspottswood2v@misena.edu.co', 'dNYBx2ABAe61', 3, "1", 1),
('80-5816875', 'Gareth', 'Alleyn', 'Chastaing', 'Rennock', "2004-04-03", 'cr 98bis # 29-11', 8687998469, 9303997, '(c\users\USER\pictures\screenshots\smile.jpg', 'arennock2w@misena.edu.co', 'WzSrMWNIuc', 4, "3", 1), 
('40-0316572', 'Rochella', 'Lina', 'Mawman', 'Fosher',"2013-08-04", 'cr 11 # 34 - 28 sur', 4537154115, 5669713, '(c\users\USER\pictures\screenshots\smile.jpg','lfosher2x@misena.edu.co', '9I9sWD4RIQMK', 1, "2", 1),
('76-4190004', 'Prentice', 'Wilburt', 'Brisbane', 'Scholey', "2007-12-06", 'tr 9 este # 29-01 bloque 3 apt 301', 8274126043, 3591273, '(c\users\USER\pictures\screenshots\smile.jpg', 'lfosher2x@misena.edu.co', 'oNcN4cnY', 8, "4", 1), 
('66-5589683', 'Marianna', 'Zorah', 'Wicklen', 'Cleugher', "1992-07-06", 'tr 9 este # 29-01 bloque 7 apt 202', 8075193806, 4853616, '(c\users\USER\pictures\screenshots\smile.jpg','zcleugher2z@misena.edu.co', 'hLNtDTI', 2, "1", 1), 
('73-9517615', 'Reena', 'Maurice', 'Roseburgh', 'Peskin', "2005-04-11", 'cr 17 # 27-11 sur piso 2', 3821893936, 2138030, '(c\users\USER\pictures\screenshots\smile.jpg','mpeskin30@misena.edu.co', 'WKkGXELW', 3, "2", 1), 
('39-1792841', 'Margalo', 'Marylin', 'Beggin', 'Ebbs', "2001-09-02", 'cl 23 # 27-46 sur', 2664733084, 2239555, '(c\users\USER\pictures\screenshots\smile.jpg','mebbs31@misena.edu.co', 'JGP32UG1iQ',  3, "2", 1), 
('05-1947779', 'Nadya', 'Galven', 'Northey', 'Ruperti', "2014-06-05", 'cr 29 d # 28-24 sur', 3705240567, 5485024, '(c\users\USER\pictures\screenshots\smile.jpg', 'gruperti32@misena.edu.co', '04NLN9iKe1', 8, "3", 1),
('07-7686919', 'Marigold', 'Bengt', 'Sidebotton', 'Bollini', "1996-06-06", 'cl 31 a sur # 29d-50', 3207149663, 9007985, '(c\users\USER\pictures\screenshots\smile.jpg','bbollini33@misena.edu.co', 'tgYmz7r', 6, "1", 1),
('37-5191837', 'Dannel', 'Ursuline', 'Goodlett', 'Ferre', "2019-04-09", 'cl 35 sur #26f-14', 2707939028, 5156873, '(c\users\USER\pictures\screenshots\smile.jpg','uferre34@misena.edu.co', 'maZfgCC4hJ', 3, "4", 1),
('76-4586436', 'Patricio', 'Vinita', 'Mourbey', 'Le Fevre', "2015-12-02", 'cl 31 a sur # 24-18', 1416686755, 6991947, '(c\users\USER\pictures\screenshots\smile.jpg','uferre34@misena.edu.co', 'funix', 4, "4", 1),
('33-3934187', 'Gale', 'Arnie', 'Tanfield', 'Tavener', "2005-12-05", 'cr 45 # 15-01', 3853221067, 5993724, '(c\users\USER\pictures\screenshots\smile.jpg','atavener36@misena.edu.co', 'WML0LpcwG', 2, "1", 1),
('66-9206009', 'Lucho', 'Lonni', 'Digger', 'Thomlinson', "2000-12-02", 'cl 24 # 23-75 sur', 1216340833, 9722671, '(c\users\USER\pictures\screenshots\smile.jpg','lthomlinson37@misena.edu.co', 'ZRCTPrmU4', 7, "3", 1),
('62-5280629', 'Ardelis', 'Evyn', 'Grindley', 'Whitewood', "1996-09-02", 'cr 26 d # 34-75 sur pi 1 apt 101', 9937522451, 4133654, '(c\users\USER\pictures\screenshots\smile.jpg', 'ewhitewood38@misena.edu.co', 'bs6arJvl5VV', 5, "2", 1),
('90-9086573', 'Rafaela', 'Yelena', 'Titmuss', 'Eddisforth', "2009-09-04", 'cr 26 r # 23c- 10 sur', 3973078127, 9477767, '(c\users\USER\pictures\screenshots\smile.jpg','yeddisforth39@misena.edu.co', 'PCz9WDB7IE', 3, "1", 1),
('47-5759827', 'Torrin', 'Elora', 'Garrit', 'Lehr', "1997-04-09", 'cl 31 b # 24- 06 sur', 7268420964, 6081330, '(c\users\USER\pictures\screenshots\smile.jpg', 'yeddisforth39@misena.edu.co', 'Cari3FLDrvLL', 6, "2", 1),
('52-0249394', 'Ronni', 'West', 'Zorn', 'Cunde', "1991-10-07", 'avcr1 # 10-01 sur', 4388546936, 4205546, '(c\users\USER\pictures\screenshots\smile.jpg','wcunde3b@misena.edu.co', 'Cari3FLDrvLL', 5, "3", 1);

insert into SASTT.instructor (f_id_tipo_documento, fk_num_documento, fk_id_vinculacion, fk_id_especialidad) values 
(1, "22-3292989", 1, 4),
(1, "51-6399944", 1, 4),
(1, "07-9207862", 1, 4),
(1, "11-6368641", 1, 4),
(1, "76-3271289", 2, 4),
(1, "16-3671229", 2, 4),
(1, "31-4383386", 2, 4),
(1, "30-3416627", 2, 4),
(1, "91-3377234", 3, 5),
(1, "18-1822513", 3, 6),
(1, "78-0734187", 4, 7);

insert into SASTT.administrador (f_id_tipo_documento, fk_num_documento) values
(1, "70-8930745"),
(1, "21-3287963"), 
(1, "77-2477679"), 
(1, "78-5376119"), 
(1, "87-2033393");

insert into SASTT.aprendiz (f_id_tipo_documento, fk_num_documento) values 
(2, "25-7465166"), (1, "43-5245801"), (1, "90-7033363"), (1, "87-7272507"), (1, "55-5829378"), 
(1, "37-7755396"), (1, "87-6319013"), (4, "63-8701803"), (1, "10-6117017"), (4, "25-1840702"), 
(1, "42-2495869"), (4, "41-3761038"), (3, "04-0916589"), (4, "43-3171885"), (1, "10-0761648"), 
(1, "25-9899242"), (1, "00-7316475"), (2, "73-0242917"), (3, "35-7725911"), (3, "13-7203920"), 
(4, "37-5760162"), (4, "80-7172939"), (2, "48-5428371"), (3, "12-8249692"), (3, "89-5734837"), 

(3, "74-4655065"), (1, "16-0116553"), (1, "64-2116273"), (1, "20-8175658"), (2, "30-4651786"),
(1, "27-0753557"), (2, "57-6571670"), (3, "50-1939490"), (2, "25-6101502"), (3, "34-5722040"), 
(4, "54-4438160"), (1, "71-1857415"), (2, "22-1426867"), (3, "36-8824888"), (1, "94-8681679"),
(4, "69-7358080"), (3, "12-6562117"), (3, "29-0381408"), (3, "09-8230969"), (1, "59-2716240"), 
(1, "02-9278294"), (1, "82-7820013"), (2, "74-1745274"), (2, "36-7257833"), (4, "12-6086757"),

(4, "49-2171027"), (1, "32-5204900"), (1, "80-7312412"), (1, "30-2039797"), (1, "62-5507417"), 
(1, "97-9840330"), (1, "76-2692439"), (3, "76-3884219"), (1, "81-4202848"), (1, "38-2586647"),
(1, "31-0997903"), (2, "19-6585754"), (1, "07-8751343"), (1, "55-3236945"), (1, "04-6596783"), 
(1, "14-2397286"), (1, "63-7653722"), (1, "06-7209556"), (1, "80-3369749"), (3, "51-8105267"),
(4, "21-0247056"), (1, "39-2623235"), (1, "03-6178696"), (1, "94-4482551"), (1, "30-5132243"), 

(2, "38-1604055"), (1, "02-7101469"), (3, "60-4044796"), (1, "10-2912936"), (2, "39-8089177"),
(3, "14-2984035"), (1, "10-5872868"), (4, "20-5055923"), (2, "54-1329702"), (4, "65-6039121"), 
(1, "85-4639915"), (1, "32-9593883"), (1, "13-8707865"), (3, "80-5816875"), (2, "40-0316572"),
(4, "76-4190004"), (1, "66-5589683"), (2, "73-9517615"), (2, "39-1792841"), (3, "05-1947779"), 
(1, "07-7686919"), (4, "37-5191837"), (4, "76-4586436"), (1, "33-3934187"), (3, "66-9206009"), 
(2, "62-5280629"), (1, "90-9086573"), (2, "47-5759827"), (3, "52-0249394");

insert into SASTT.programa (id_programa, nombre_programa, siglas, descripcion_programa, fk_id_especialidad) values 
(1, "Analisis y Desarrollo de Sistemas de Informacion", "ADSI", "Ejecuta el proceso integral análisis, diseño, implementación, pruebas y ajustes de generación de sistemas de información, para la sistematización o automatización de procesos.", 4),
(2, "Tecnico en Programacion de Software", "TPS", "Construir el sistema que cumpla con los requisitos de la solución, analizar los requisitos del cliente para construir el sistema de información.", 4),
(3, "Especializacion en Base de Datos", "EDB", "Introducción a las bases de datos y a los sistemas de gestión de bases de datos, bases de datos relacionales, normalización y el modelo de entidad relación (e - r), diseño de bases de datos relacionales.", 4),
(4, "Especializacion en Desarrollo de Aplicaciones Moviles", "EDAM", "Introduccion al mundo android, componentes basicos en app inventor, propiedades, eventos y metodos, planeacion de aplicaciones.", 4);

insert into SASTT.competencias (id_competencia, descripcion_competencia, fk_id_programa) values 
(12345, "Especificar los requisitos necesarios para desarrollar el sistema de información de acuerdo con las necesidades del cliente.", 1),
(32789, "Construir el sistema que cumpla con los requisitos de la solución", 1),
(43670, "Analizar los requisitos del cliente para construir el sistema de información", 1),
(52569, "Diseñar el sistema de acuerdo con los requisitos del cliente", 1),
(42578, "Implantar la solución que cumpla con los requisitos para su operación", 1),
(76493, "Aplicar buenas prácticas de calidad en el proceso de desarrollo de software, de acuerdo con el referente adoptado en la empresa", 1),
(65387, "Desarrollar el sistema de información que cumpla con los requerimientos de la solución informática", 1),
(96476, "Aplicar buenas prácticas de calidad en el proceso de desarrollo de software, de acuerdo con el referente adoptado en la empresa", 1),
(00789, "analizar los requerimientos del cliente para construir  el sistema de información", 2),
(10652, "desarrollar el sistema que cumpla con los requerimientos  de la solución información", 2),
(09456, "aplicar la resolución de problemas  reales del sector productivo, los conocimientos", 2),
(70098, "habilidades y destrezas pertinentes a las competencias del programa de formación, asumiendo estrategias y metodologías de autogestión", 2),
(47789, " Combina de manera balanceada la Estadística, la Inteligencia de Negocios y el Machine Learning, brindando un conocimiento especializado en las más modernas metodologías y técnicas estadísticas", 3),
(28966, "investigación y resolución de problemas en el ámbito profesional y en temas asociados a la Analítica, la Inteligencia de Negocios y el Big Data, orientándose a la toma de decisiones y a la predicción", 3),
(10987, "profesionales con la capacidad de estructurar proyectos en el campo de la Analítica de Datos, desde su etapa de planeación, hasta la comunicación de los resultados estratégicos para la organización", 3),
(42860, "Se caracterizan por su capacidad para el trabajo en equipo y para gestionar proyectos de Analítica que generen impacto en las organizaciones", 3),
(98421, "Conocer e interactuar con las herramientas de diseño y estructuración de app móviles como inventor, AppMakr, java etc", 4),
(09871, "Definir plataforma de desarrollo para dispositivos moviles segun las especificaciones tecnicas y necesidades del usuario", 4),
(08567, "Se implementa el uso de las herramientas de diseño y estructuración de aplicaciones móviles teniendo en cuenta las necesidades de la empresa", 4),
(91138, "Se desarrolla el conocimiento del diseño, creación y alteración de aplicaciones móviles según los estándares y requerimientos de la empresa", 4),
(00078, "Promover la interacción idónea consigo mismo, con los demás y con la naturaleza en los contextos laboral y social", 1),
(22298, "Comprender textos en inglés en forma escrita y auditiva", 2),
(33343, "Desarrolla  habilidades corporales de coordinación, destreza, equilibrio, flexibilidad, fuerza y velocidad para llevar un estilo de vida saludable", 3);

insert into SASTT.resultado_de_aprendizaje (id_resultado, Descripcion_resultado, fk_id_competencia) values 
(001, "aplicar las tecnicas de recoleccion de datos diseñando los instrumentos necesarios para el procesamiento de informacion de acuerdo con la situacion planteada por la empresa.", 12345),
(002, "capacidad de elaborar mapas de procesos que permitan identificar las areas involucradas en un sistema de informacion.", 12345),
(003, "desarrolla una matriz  en el lenguaje de programación seleccionado, verificando su funcionalidad en el sistema de acuerdo con el diseño solicitado.", 12345),
(004, "plantear diferentes alternativas de modelos tecnologicos de informacion según las tendencias del mercado.", 32789),
(005, "facilidad y destreza para dar solucion a las situaciones relacionadas con el manejo de informacion de la organización.", 32789),
(006, "construye el diagrama de acuerdo con el diseño solicitado para orientar al usuario en el uso del aplicativo.", 32789),
(007, "representa el bosquejo de la solución al problema presentado por el cliente, mediante la  elaboración de diagramas de casos de uso.", 43670),
(008, "generar procesos autónomos y de trabajo colaborativo permanentes, fortaleciendo el equilibrio de los componentes racionales y emocionales orientados hacia el desarrollo humano integral.", 43670),
(009, "plantea bases y calculos matematicos para desarrollar la funcionalidad del sistema.", 43670),
(010, "mantiene la funcionalidad de  los requerimientos solicitados en el  sistema.", 52569),
(011, "corrige errores e implementa nuevas funcionalidades en el sistema.", 52569),
(012, "aplica conocimientos tecnicos de lenguajes  de programacion complejos.", 52569),
(013, "maneja buenas habilidades escritas, para desarrollar bases de informacion, diagramas en instrucciones.", 42578),
(014, "optimiza el rendimiento y funcionalidad en los sistemas de informacion.", 42578),
(015, "desarrolla la capacidad para la redaccion de informes y diagramas .", 76493),
(016, "investiga nuevas tecnologias con los procesos definidos y propone mejoras.", 76493),
(017, "maneja destreza para trabajar en proyectos con otros desarrolladores.", 65387),
(018, "desarrola la observacion concentracion y paciencia.", 65387),
(019, "capacidad de autocritica para donde y como puede mejorar su rendimiento.", 96476),
(020, "ser ordenado y metodico a la hora de afrontar tareas laborales.", 96476),
(021, "Tipo abstracto de datos: (clases, métodos, invariancia, instancia).", 00789),
(022, "Algoritmos y programas.", 00789),
(023, "Concepto de algoritmo (características de los algoritmos) .", 00789),
(024, "Los  lenguajes  de  programación:  lenguajes  de  máquina,  lenguajes  de  bajo  nivel, lenguajes de alto nivel, traductores de lenguaje (intérpretes, compiladores).", 10652),
(025, "La compilación  y  sus  fases,  datos,  tipos  de  datos,  y  operaciones   primitivas numéricos, lógicos, carácter, cadena. Constantes y variables.", 10652),
(026, "Expresiones: aritméticas,  lógicas,  de cadena,   diseño   del   algoritmo:   escritura   inicial,   representación   gráfica   de   los algoritmos, seudo código.", 10652),
(027, "crea un sistema en base a los requerimientos del cliente.", 09456),
(028, "tener en cuenta la parte teórica para la resolución dentro del ámbito practico.", 09456),
(029, "aplicar conocimientos en base a programación.", 09456),
(030, "aplicar conocimientos de la parte teórica  para la gestión de la parte práctica.", 70098),
(031, "estrategias adquiridas del aprendizaje previo para la resolución de requerimientos del cliente.", 70098),
(032, "Fundamentos de la programación orientada a objetos.", 47789),
(033, "Se demuestra en el software  spss que el aprendiz genere estadística de las carreras más demandadas por el usuario.", 47789),
(034, "Se relaciona en un mapa mental defina procesos de inteligencia de negocios.", 47789),
(035, "Grafica en diapositiva ilustre el machine learning con sus ramas.", 28966),
(036, "Genera en formato visual parading diagrame la estructura del big data.", 28966),
(037, "El aprendiz Maneja en formato sql el formato big data modelo dml ddl y png.", 28966),
(038, "Formato java scrip diagrame el formato big data esctructure el formato big data.", 10987),
(039, "En la practica el aprendiz debe ejecutar en formato ccs modelo de negocio de la empresa, en formato sql el aprendiz debe crear base de datos de los clientes.", 10987),
(040, "El aprendiz debe relacionar un modelo estratégico de negocio el cual la compañía pueda crecer y maneja los aplicativos según lo requerido por la empresa.", 42860),
(041, "El aprendiz demuestra sus conocimientos y el trabajo en equipo.", 42860),
(042, "Comprende el modelo de trabajo que maneja la empresa y la orientación que requiere la misma.", 98421),
(043, "Realiza la codificación de etiquetas y botones en la herramienta inventor.", 98421),
(044, "Desarrolla el diseño y estructuración de ventanas y accesos con la herramienta AppMakr.", 09871),
(045, "Analiza y desarrolla la estructuración de la aplicación mediante codificación con java.", 09871),
(046, "Analiza y especifica las necesidades del cliente mediante documento de formato IEEE83.", 08567),
(047, "Expone las especificaciones técnicas del diseño mediante diagrama interactivo.", 08567),
(048, "Se definen y se verifica las necesidades del cliente y basado en ellas se plantea el diseño de la plataforma mediante diagrama de REV.", 08567),
(049, "Demuestra el manejo óptimo de las herramientas de diseño y estructuración cumpliendo con los requerimientos del cliente.", 91138),
(050, "Se verifican los resultados de aprendizaje etapa practica basado en los conocimientos demostrados en la empresa.", 91138),
(051, "Desarrollar permanentemente las habilidades psicomotrices y de pensamiento en la ejecución de los procesos de aprendizaje.", 91138),
(052, "Generar procesos autónomos y de trabajo colaborativo permanentes, fortaleciendo el equilibrio de los componentes racionales y emocionales orientados hacia el Desarrollo Humano Integral.", 00078),
(053, "Redimensionar permanentemente su proyecto de vida de acuerdo con las circunstancias del contexto y con visión prospectiva.", 00078),
(054, "Comunicarse en tareas sencillas y habituales que requieren un intercambio simple y directo de información.", 00078),
(055, "Encontrar vocabulario y expresiones de inglés técnico en anuncios, folletos, páginas web, etc.", 22298),
(056, "Leer textos muy breves y sencillos en inglés general y técnico.", 22298),
(057, "Realizar intercambios sociales y prácticos muy breves, con un vocabulario suficiente para hacer una exposición o mantener una conversación sencilla sobre temas técnicos.", 22298),
(058, "Se evidencia la coordinación y destreza mediante la actividad dinámica de relevos.", 91138),
(059, "Demuestra el equilibrio y flexibilidad en las pruebas de test hollow.", 91138),
(060, "Se pone a prueba la fuerza y velocidad mediante ejercicios atléticos.", 91138);

insert into SASTT.ficha (num_ficha, fk_id_jornada, fk_id_programa, fk_id_grupo, fk_id_trimestre, fk_num_documento) values 
("1874559", 01, 1, 1, 01, "51-6399944"), ("1874559", 01, 1, 1, 02, "51-6399944"), ("1874559", 01, 1, 1, 03, "51-6399944"), ("1874559", 01, 1, 1, 04, "51-6399944"), 
("1874559", 01, 1, 1, 05, "51-6399944"), ("1874559", 01, 1, 1, 06, "51-6399944"), ("1874559", 01, 1, 1, 07, "51-6399944"), ("1874559", 01, 1, 1, 08, "51-6399944"), 
("1874559", 02, 1, 2, 01, "11-6368641"), ("1874559", 02, 1, 2, 02, "11-6368641"), ("1874559", 02, 1, 2, 03, "11-6368641"), ("1874559", 02, 1, 2, 04, "11-6368641"), 
("1874559", 02, 1, 2, 05, "11-6368641"), ("1874559", 02, 1, 2, 06, "11-6368641"), ("1874559", 02, 1, 2, 07, "11-6368641"), ("1874559", 02, 1, 2, 08, "11-6368641"), 
("1874559", 03, 1, 3, 01, "18-1822513"), ("1874559", 03, 1, 3, 02, "18-1822513"), ("1874559", 03, 1, 3, 03, "18-1822513"), ("1874559", 03, 1, 3, 04, "18-1822513"), 
("1874559", 03, 1, 3, 05, "18-1822513"), ("1874559", 03, 1, 3, 06, "18-1822513"), ("1874559", 03, 1, 3, 07, "18-1822513"), ("1874559", 03, 1, 3, 08, "18-1822513"), 

("1874412", 01, 1, 1, 01, "78-0734187"), ("1874412", 01, 1, 1, 02, "78-0734187"), ("1874412", 01, 1, 1, 03, "78-0734187"), ("1874412", 01, 1, 1, 04, "78-0734187"), 
("1874412", 01, 1, 1, 05, "78-0734187"), ("1874412", 01, 1, 1, 06, "78-0734187"), ("1874412", 01, 1, 1, 07, "78-0734187"), ("1874412", 01, 1, 1, 08, "78-0734187"), 
("1874412", 02, 1, 2, 01, "91-3377234"), ("1874412", 02, 1, 2, 02, "91-3377234"), ("1874412", 02, 1, 2, 03, "91-3377234"), ("1874412", 02, 1, 2, 04, "91-3377234"), 
("1874412", 02, 1, 2, 05, "91-3377234"), ("1874412", 02, 1, 2, 06, "91-3377234"), ("1874412", 02, 1, 2, 07, "91-3377234"), ("1874412", 02, 1, 2, 08, "91-3377234"), 
("1874412", 03, 1, 3, 01, "31-4383386"), ("1874412", 03, 1, 3, 02, "31-4383386"), ("1874412", 03, 1, 3, 03, "31-4383386"), ("1874412", 03, 1, 3, 04, "31-4383386"), 
("1874412", 03, 1, 3, 05, "31-4383386"), ("1874412", 03, 1, 3, 06, "31-4383386"), ("1874412", 03, 1, 3, 07, "31-4383386"), ("1874412", 03, 1, 3, 08, "31-4383386"),

("1874698", 01, 1, 1, 01, "31-4383386"), ("1874698", 01, 1, 1, 02, "31-4383386"), ("1874698", 01, 1, 1, 03, "31-4383386"), ("1874698", 01, 1, 1, 04, "31-4383386"), 
("1874698", 01, 1, 1, 05, "31-4383386"), ("1874698", 01, 1, 1, 06, "31-4383386"), ("1874698", 01, 1, 1, 07, "31-4383386"), ("1874698", 01, 1, 1, 08, "31-4383386"), 
("1874698", 02, 1, 2, 01, "30-3416627"), ("1874698", 02, 1, 2, 02, "30-3416627"), ("1874698", 02, 1, 2, 03, "30-3416627"), ("1874698", 02, 1, 2, 04, "30-3416627"), 
("1874698", 02, 1, 2, 05, "30-3416627"), ("1874698", 02, 1, 2, 06, "30-3416627"), ("1874698", 02, 1, 2, 07, "30-3416627"), ("1874698", 02, 1, 2, 08, "30-3416627"), 
("1874698", 03, 1, 3, 01, "76-3271289"), ("1874698", 03, 1, 3, 02, "76-3271289"), ("1874698", 03, 1, 3, 03, "76-3271289"), ("1874698", 03, 1, 3, 04, "76-3271289"), 
("1874698", 03, 1, 3, 05, "76-3271289"), ("1874698", 03, 1, 3, 06, "76-3271289"), ("1874698", 03, 1, 3, 07, "76-3271289"), ("1874698", 03, 1, 3, 08, "76-3271289"),

("1963872", 01, 2, 1, 01, "51-6399944"), ("1963872", 01, 2, 1, 02, "51-6399944"), ("1963872", 01, 2, 1, 03, "51-6399944"), ("1963872", 01, 2, 1, 04, "51-6399944"), 
("1963872", 02, 2, 2, 01, "16-3671229"), ("1963872", 02, 2, 2, 02, "16-3671229"), ("1963872", 02, 2, 2, 03, "16-3671229"), ("1963872", 02, 2, 2, 04, "16-3671229"), 
("1963872", 03, 2, 3, 01, "91-3377234"), ("1963872", 03, 2, 3, 02, "91-3377234"), ("1963872", 03, 2, 3, 03, "91-3377234"), ("1963872", 03, 2, 3, 04, "91-3377234"),

("1561001", 01, 2, 1, 01, "76-3271289"), ("1561001", 01, 2, 1, 02, "76-3271289"), ("1561001", 01, 2, 1, 03, "76-3271289"), ("1561001", 01, 2, 1, 04, "76-3271289"),
("1561001", 02, 2, 2, 01, "16-3671229"), ("1561001", 02, 2, 2, 02, "16-3671229"), ("1561001", 02, 2, 2, 03, "16-3671229"), ("1561001", 02, 2, 2, 04, "16-3671229"),
("1561001", 03, 2, 3, 01, "18-1822513"), ("1561001", 03, 2, 3, 02, "18-1822513"), ("1561001", 03, 2, 3, 03, "18-1822513"), ("1561001", 03, 2, 3, 04, "18-1822513"),

("1764221", 01, 2, 1, 01, "78-0734187"), ("1764221", 01, 2, 1, 02, "78-0734187"), ("1764221", 01, 2, 1, 03, "78-0734187"), ("1764221", 01, 2, 1, 04, "78-0734187"),
("1764221", 02, 2, 2, 01, "18-1822513"), ("1764221", 02, 2, 2, 02, "18-1822513"), ("1764221", 02, 2, 2, 03, "18-1822513"), ("1764221", 02, 2, 2, 04, "18-1822513"),
("1764221", 03, 2, 3, 01, "91-3377234"), ("1764221", 03, 2, 3, 02, "91-3377234"), ("1764221", 03, 2, 3, 03, "91-3377234"), ("1764221", 03, 2, 3, 04, "91-3377234"),

("2014776", 01, 3, 1, 01, "78-0734187"), ("2014776", 01, 3, 1, 02, "78-0734187"), ("2014776", 01, 3, 1, 03, "78-0734187"), ("2014776", 01, 3, 1, 04, "78-0734187"), 
("2014776", 02, 3, 2, 01, "91-3377234"), ("2014776", 02, 3, 2, 02, "91-3377234"), ("2014776", 02, 3, 2, 03, "91-3377234"), ("2014776", 02, 3, 2, 04, "91-3377234"), 

("2714539", 02, 4, 1, 01, "91-3377234"), ("2714539", 02, 4, 1, 02, "91-3377234"), ("2714539", 02, 4, 1, 03, "91-3377234"), ("2714539", 02, 4, 1, 04, "91-3377234");

insert into SASTT.aprendiz_ficha (fk_num_ficha, f_id_tipo_documento, fk_num_documento) values 
("1874559", 2, "25-7465166"), ("1874559", 1, "43-5245801"), ("1874559", 1, "90-7033363"), ("1874559", 1, "87-7272507"), ("1874559", 1, "55-5829378"), 
("1874559", 1, "37-7755396"), ("1874559", 1, "87-6319013"), ("1874559", 4, "63-8701803"), ("1874559", 1, "10-6117017"), ("1874559", 4, "25-1840702"), 
("1874559", 1, "42-2495869"), ("1874559", 4, "41-3761038"), ("1874412", 3, "04-0916589"), ("1874412", 4, "43-3171885"), ("1874412", 1, "10-0761648"), 
("1874412", 1, "25-9899242"), ("1874412", 1, "00-7316475"), ("1874412", 2, "73-0242917"), ("1874412", 3, "35-7725911"), ("1874412", 3, "13-7203920"), 
("1874412", 4, "37-5760162"), ("1874412", 4, "80-7172939"), ("1874412", 2, "48-5428371"), ("1874412", 3, "12-8249692"), ("1874412", 3, "89-5734837"),
("1874698", 3, "74-4655065"), ("1874698", 1, "16-0116553"), ("1874698", 1, "64-2116273"), ("1874698", 1, "20-8175658"), ("1874698", 2, "30-4651786"),
("1874698", 1, "27-0753557"), ("1874698", 2, "57-6571670"), ("1874698", 3, "50-1939490"), ("1874698", 2, "25-6101502"), ("1874698", 3, "34-5722040"), 
("1874698", 4, "54-4438160"), ("1874698", 1, "71-1857415"), ("1874698", 2, "22-1426867"), ("1963872", 3, "36-8824888"), ("1963872", 1, "94-8681679"),
("1963872", 4, "69-7358080"), ("1963872", 3, "12-6562117"), ("1963872", 3, "29-0381408"), ("1963872", 3, "09-8230969"), ("1963872", 1, "59-2716240"), 
("1963872", 1, "02-9278294"), ("1963872", 1, "82-7820013"), ("1963872", 2, "74-1745274"), ("1963872", 2, "36-7257833"), ("1963872", 4, "12-6086757"),
("1561001", 4, "49-2171027"), ("1561001", 1, "32-5204900"), ("1561001", 1, "80-7312412"), ("1561001", 1, "30-2039797"), ("1561001", 1, "62-5507417"), 
("1561001", 1, "97-9840330"), ("1561001", 1, "76-2692439"), ("1561001", 3, "76-3884219"), ("1561001", 1, "81-4202848"), ("1561001", 1, "38-2586647"),
("1561001", 1, "31-0997903"), ("1561001", 2, "19-6585754"), ("1561001", 1, "07-8751343"), ("1764221", 1, "55-3236945"), ("1764221", 1, "04-6596783"), 
("1764221", 1, "14-2397286"), ("1764221", 1, "63-7653722"), ("1764221", 1, "06-7209556"), ("1764221", 1, "80-3369749"), ("1764221", 3, "51-8105267"),
("1764221", 4, "21-0247056"), ("1764221", 1, "39-2623235"), ("1764221", 1, "03-6178696"), ("1764221", 1, "94-4482551"), ("1764221", 1, "30-5132243"),
("2014776", 2, "38-1604055"), ("2014776", 1, "02-7101469"), ("2714539", 3, "60-4044796"), ("2714539", 1, "10-2912936"), ("2714539", 2, "39-8089177"),
("2014776", 3, "14-2984035"), ("2014776", 1, "10-5872868"), ("2714539", 4, "20-5055923"), ("2714539", 2, "54-1329702"), ("2714539", 4, "65-6039121"), 
("2014776", 1, "85-4639915"), ("2014776", 1, "32-9593883"), ("2714539", 1, "13-8707865"), ("2714539", 3, "80-5816875"), ("2014776", 2, "40-0316572"),
("2014776", 4, "76-4190004"), ("2014776", 1, "66-5589683"), ("2714539", 2, "73-9517615"), ("2714539", 2, "39-1792841"), ("2014776", 3, "05-1947779"), 
("2014776", 1, "07-7686919"), ("2014776", 4, "37-5191837"), ("2714539", 4, "76-4586436"), ("2714539", 1, "33-3934187"), ("2014776", 3, "66-9206009"), 
("2014776", 2, "62-5280629"), ("2014776", 1, "90-9086573"), ("2714539", 2, "47-5759827"), ("2714539", 3, "52-0249394");

insert into SASTT.log_error (id_error, descripcion_error, fecha_error) values (1, "usuario o contraseña errada", "2020-04-18 15:00:00"),
(2, "No hay conexion con el servidor", "2020-04-04 20:00:00"),
(3, "No hay contenido disponible", "2020-05-01 13:00:00"),
(4, "Pagina no disponible, intentelo mas tarde", "2020-04-11 15:15:00"),
(5, "No tiene permisos para acceder a este sitio", "2020-04-05 08:01");
